cycle,pos,y,x,och,code,out_ch_done,python,diff
7012,0,0,0,0,0,0,0,0
7032,1,0,1,0,0,0,0,0
7052,2,0,2,0,0,0,0,0
7072,3,0,3,0,79,0,79,0
7092,4,0,4,0,241,0,241,0
7112,5,0,5,0,443,0,443,0
7132,6,0,6,0,0,0,0,0
7152,7,0,7,0,0,0,0,0
7172,8,0,8,0,0,0,0,0
7192,9,0,9,0,0,0,0,0
7212,10,0,10,0,0,0,0,0
7244,11,1,0,0,0,0,0,0
7264,12,1,1,0,0,0,0,0
7284,13,1,2,0,0,0,0,0
7304,14,1,3,0,359,0,359,0
7324,15,1,4,0,699,0,699,0
7344,16,1,5,0,673,0,673,0
7364,17,1,6,0,0,0,0,0
7384,18,1,7,0,0,0,0,0
7404,19,1,8,0,0,0,0,0
7424,20,1,9,0,0,0,0,0
7444,21,1,10,0,0,0,0,0
7476,22,2,0,0,0,0,0,0
7496,23,2,1,0,0,0,0,0
7516,24,2,2,0,247,0,247,0
7536,25,2,3,0,481,0,481,0
7556,26,2,4,0,853,0,853,0
7576,27,2,5,0,143,0,143,0
7596,28,2,6,0,0,0,0,0
7616,29,2,7,0,0,0,0,0
7636,30,2,8,0,0,0,0,0
7656,31,2,9,0,0,0,0,0
7676,32,2,10,0,0,0,0,0
7708,33,3,0,0,0,0,0,0
7728,34,3,1,0,197,0,197,0
7748,35,3,2,0,626,0,626,0
7768,36,3,3,0,678,0,678,0
7788,37,3,4,0,9,0,9,0
7808,38,3,5,0,0,0,0,0
7828,39,3,6,0,0,0,0,0
7848,40,3,7,0,0,0,0,0
7868,41,3,8,0,0,0,0,0
7888,42,3,9,0,0,0,0,0
7908,43,3,10,0,0,0,0,0
7940,44,4,0,0,0,0,0,0
7960,45,4,1,0,532,0,532,0
7980,46,4,2,0,1330,0,1330,0
8000,47,4,3,0,687,0,687,0
8020,48,4,4,0,0,0,0,0
8040,49,4,5,0,0,0,0,0
8060,50,4,6,0,0,0,0,0
8080,51,4,7,0,0,0,0,0
8100,52,4,8,0,0,0,0,0
8120,53,4,9,0,0,0,0,0
8140,54,4,10,0,0,0,0,0
8172,55,5,0,0,5,0,5,0
8192,56,5,1,0,856,0,856,0
8212,57,5,2,0,1790,0,1790,0
8232,58,5,3,0,282,0,282,0
8252,59,5,4,0,0,0,0,0
8272,60,5,5,0,0,0,0,0
8292,61,5,6,0,0,0,0,0
8312,62,5,7,0,0,0,0,0
8332,63,5,8,0,0,0,0,0
8352,64,5,9,0,0,0,0,0
8372,65,5,10,0,0,0,0,0
8404,66,6,0,0,214,0,214,0
8424,67,6,1,0,1193,0,1193,0
8444,68,6,2,0,1485,0,1485,0
8464,69,6,3,0,0,0,0,0
8484,70,6,4,0,0,0,0,0
8504,71,6,5,0,0,0,0,0
8524,72,6,6,0,0,0,0,0
8544,73,6,7,0,0,0,0,0
8564,74,6,8,0,0,0,0,0
8584,75,6,9,0,0,0,0,0
8604,76,6,10,0,0,0,0,0
8636,77,7,0,0,533,0,533,0
8656,78,7,1,0,1568,0,1568,0
8676,79,7,2,0,1120,0,1120,0
8696,80,7,3,0,0,0,0,0
8716,81,7,4,0,0,0,0,0
8736,82,7,5,0,341,0,341,0
8756,83,7,6,0,0,0,0,0
8776,84,7,7,0,0,0,0,0
8796,85,7,8,0,0,0,0,0
8816,86,7,9,0,0,0,0,0
8836,87,7,10,0,0,0,0,0
8868,88,8,0,0,731,0,731,0
8888,89,8,1,0,2299,0,2299,0
8908,90,8,2,0,1428,0,1428,0
8928,91,8,3,0,0,0,0,0
8948,92,8,4,0,0,0,0,0
8968,93,8,5,0,71,0,71,0
8988,94,8,6,0,0,0,0,0
9008,95,8,7,0,0,0,0,0
9028,96,8,8,0,0,0,0,0
9048,97,8,9,0,0,0,0,0
9068,98,8,10,0,0,0,0,0
9100,99,9,0,0,458,0,458,0
9120,100,9,1,0,2492,0,2492,0
9140,101,9,2,0,2446,0,2446,0
9160,102,9,3,0,0,0,0,0
9180,103,9,4,0,0,0,0,0
9200,104,9,5,0,0,0,0,0
9220,105,9,6,0,0,0,0,0
9240,106,9,7,0,0,0,0,0
9260,107,9,8,0,0,0,0,0
9280,108,9,9,0,0,0,0,0
9300,109,9,10,0,0,0,0,0
9332,110,10,0,0,0,0,0,0
9352,111,10,1,0,990,0,990,0
9372,112,10,2,0,2322,0,2322,0
9392,113,10,3,0,655,0,655,0
9412,114,10,4,0,137,0,137,0
9432,115,10,5,0,0,0,0,0
9452,116,10,6,0,0,0,0,0
9472,117,10,7,0,0,0,0,0
9492,118,10,8,0,0,0,0,0
9512,119,10,9,0,0,0,0,0
9532,120,10,10,0,0,1,0,0
9533,0,0,0,1,0,0,0,0
9534,1,0,1,1,0,0,0,0
9535,2,0,2,1,0,0,0,0
9536,3,0,3,1,0,0,0,0
9537,4,0,4,1,0,0,0,0
9538,5,0,5,1,0,0,0,0
9539,6,0,6,1,0,0,0,0
9540,7,0,7,1,0,0,0,0
9541,8,0,8,1,0,0,0,0
9542,9,0,9,1,0,0,0,0
9543,10,0,10,1,0,0,0,0
9544,11,1,0,1,0,0,0,0
9545,12,1,1,1,0,0,0,0
9546,13,1,2,1,0,0,0,0
9547,14,1,3,1,0,0,0,0
9548,15,1,4,1,0,0,0,0
9549,16,1,5,1,0,0,0,0
9550,17,1,6,1,0,0,0,0
9551,18,1,7,1,0,0,0,0
9552,19,1,8,1,0,0,0,0
9553,20,1,9,1,0,0,0,0
9554,21,1,10,1,0,0,0,0
9555,22,2,0,1,0,0,0,0
9556,23,2,1,1,0,0,0,0
9557,24,2,2,1,0,0,0,0
9558,25,2,3,1,0,0,0,0
9559,26,2,4,1,0,0,0,0
9560,27,2,5,1,0,0,0,0
9561,28,2,6,1,0,0,0,0
9562,29,2,7,1,0,0,0,0
9563,30,2,8,1,0,0,0,0
9564,31,2,9,1,0,0,0,0
9565,32,2,10,1,0,0,0,0
9566,33,3,0,1,0,0,0,0
9567,34,3,1,1,0,0,0,0
9568,35,3,2,1,0,0,0,0
9569,36,3,3,1,0,0,0,0
9570,37,3,4,1,0,0,0,0
9571,38,3,5,1,0,0,0,0
9572,39,3,6,1,0,0,0,0
9573,40,3,7,1,0,0,0,0
9574,41,3,8,1,0,0,0,0
9575,42,3,9,1,0,0,0,0
9576,43,3,10,1,0,0,0,0
9577,44,4,0,1,0,0,0,0
9578,45,4,1,1,0,0,0,0
9579,46,4,2,1,0,0,0,0
9580,47,4,3,1,0,0,0,0
9581,48,4,4,1,0,0,0,0
9582,49,4,5,1,0,0,0,0
9583,50,4,6,1,0,0,0,0
9584,51,4,7,1,0,0,0,0
9585,52,4,8,1,0,0,0,0
9586,53,4,9,1,0,0,0,0
9587,54,4,10,1,0,0,0,0
9588,55,5,0,1,0,0,0,0
9589,56,5,1,1,0,0,0,0
9590,57,5,2,1,0,0,0,0
9591,58,5,3,1,0,0,0,0
9592,59,5,4,1,0,0,0,0
9593,60,5,5,1,0,0,0,0
9594,61,5,6,1,0,0,0,0
9595,62,5,7,1,0,0,0,0
9596,63,5,8,1,0,0,0,0
9597,64,5,9,1,0,0,0,0
9598,65,5,10,1,0,0,0,0
9599,66,6,0,1,0,0,0,0
9600,67,6,1,1,0,0,0,0
9601,68,6,2,1,0,0,0,0
9602,69,6,3,1,0,0,0,0
9603,70,6,4,1,0,0,0,0
9604,71,6,5,1,0,0,0,0
9605,72,6,6,1,0,0,0,0
9606,73,6,7,1,0,0,0,0
9607,74,6,8,1,0,0,0,0
9608,75,6,9,1,0,0,0,0
9609,76,6,10,1,0,0,0,0
9610,77,7,0,1,0,0,0,0
9611,78,7,1,1,0,0,0,0
9612,79,7,2,1,0,0,0,0
9613,80,7,3,1,0,0,0,0
9614,81,7,4,1,0,0,0,0
9615,82,7,5,1,0,0,0,0
9616,83,7,6,1,0,0,0,0
9617,84,7,7,1,0,0,0,0
9618,85,7,8,1,0,0,0,0
9619,86,7,9,1,0,0,0,0
9620,87,7,10,1,0,0,0,0
9621,88,8,0,1,0,0,0,0
9622,89,8,1,1,0,0,0,0
9623,90,8,2,1,0,0,0,0
9624,91,8,3,1,0,0,0,0
9625,92,8,4,1,0,0,0,0
9626,93,8,5,1,0,0,0,0
9627,94,8,6,1,0,0,0,0
9628,95,8,7,1,0,0,0,0
9629,96,8,8,1,0,0,0,0
9630,97,8,9,1,0,0,0,0
9631,98,8,10,1,0,0,0,0
9632,99,9,0,1,0,0,0,0
9633,100,9,1,1,0,0,0,0
9634,101,9,2,1,0,0,0,0
9635,102,9,3,1,0,0,0,0
9636,103,9,4,1,0,0,0,0
9637,104,9,5,1,0,0,0,0
9638,105,9,6,1,0,0,0,0
9639,106,9,7,1,0,0,0,0
9640,107,9,8,1,0,0,0,0
9641,108,9,9,1,0,0,0,0
9642,109,9,10,1,0,0,0,0
9643,110,10,0,1,0,0,0,0
9644,111,10,1,1,0,0,0,0
9645,112,10,2,1,0,0,0,0
9646,113,10,3,1,0,0,0,0
9647,114,10,4,1,0,0,0,0
9648,115,10,5,1,0,0,0,0
9649,116,10,6,1,0,0,0,0
9650,117,10,7,1,0,0,0,0
9651,118,10,8,1,0,0,0,0
9652,119,10,9,1,0,0,0,0
9653,120,10,10,1,0,1,0,0
9654,0,0,0,2,0,0,0,0
9655,1,0,1,2,0,0,0,0
9656,2,0,2,2,0,0,0,0
9657,3,0,3,2,0,0,0,0
9658,4,0,4,2,0,0,0,0
9659,5,0,5,2,0,0,0,0
9660,6,0,6,2,0,0,0,0
9661,7,0,7,2,0,0,0,0
9662,8,0,8,2,0,0,0,0
9663,9,0,9,2,0,0,0,0
9664,10,0,10,2,0,0,0,0
9665,11,1,0,2,0,0,0,0
9666,12,1,1,2,0,0,0,0
9667,13,1,2,2,0,0,0,0
9668,14,1,3,2,0,0,0,0
9669,15,1,4,2,0,0,0,0
9670,16,1,5,2,0,0,0,0
9671,17,1,6,2,218,0,218,0
9672,18,1,7,2,0,0,0,0
9673,19,1,8,2,0,0,0,0
9674,20,1,9,2,0,0,0,0
9675,21,1,10,2,0,0,0,0
9676,22,2,0,2,0,0,0,0
9677,23,2,1,2,0,0,0,0
9678,24,2,2,2,0,0,0,0
9679,25,2,3,2,0,0,0,0
9680,26,2,4,2,0,0,0,0
9681,27,2,5,2,711,0,711,0
9682,28,2,6,2,554,0,554,0
9683,29,2,7,2,0,0,0,0
9684,30,2,8,2,0,0,0,0
9685,31,2,9,2,0,0,0,0
9686,32,2,10,2,0,0,0,0
9687,33,3,0,2,0,0,0,0
9688,34,3,1,2,0,0,0,0
9689,35,3,2,2,0,0,0,0
9690,36,3,3,2,0,0,0,0
9691,37,3,4,2,731,0,731,0
9692,38,3,5,2,1535,0,1535,0
9693,39,3,6,2,813,0,813,0
9694,40,3,7,2,34,0,34,0
9695,41,3,8,2,0,0,0,0
9696,42,3,9,2,0,0,0,0
9697,43,3,10,2,0,0,0,0
9698,44,4,0,2,0,0,0,0
9699,45,4,1,2,0,0,0,0
9700,46,4,2,2,0,0,0,0
9701,47,4,3,2,173,0,173,0
9702,48,4,4,2,1250,0,1250,0
9703,49,4,5,2,1848,0,1848,0
9704,50,4,6,2,390,0,390,0
9705,51,4,7,2,145,0,145,0
9706,52,4,8,2,163,0,163,0
9707,53,4,9,2,0,0,0,0
9708,54,4,10,2,0,0,0,0
9709,55,5,0,2,0,0,0,0
9710,56,5,1,2,0,0,0,0
9711,57,5,2,2,0,0,0,0
9712,58,5,3,2,605,0,605,0
9713,59,5,4,2,1720,0,1720,0
9714,60,5,5,2,605,0,605,0
9715,61,5,6,2,0,0,0,0
9716,62,5,7,2,0,0,0,0
9717,63,5,8,2,0,0,0,0
9718,64,5,9,2,0,0,0,0
9719,65,5,10,2,0,0,0,0
9720,66,6,0,2,0,0,0,0
9721,67,6,1,2,0,0,0,0
9722,68,6,2,2,0,0,0,0
9723,69,6,3,2,844,0,844,0
9724,70,6,4,2,1459,0,1459,0
9725,71,6,5,2,197,0,197,0
9726,72,6,6,2,360,0,360,0
9727,73,6,7,2,859,0,859,0
9728,74,6,8,2,0,0,0,0
9729,75,6,9,2,0,0,0,0
9730,76,6,10,2,0,0,0,0
9731,77,7,0,2,0,0,0,0
9732,78,7,1,2,0,0,0,0
9733,79,7,2,2,161,0,161,0
9734,80,7,3,2,573,0,573,0
9735,81,7,4,2,1071,0,1071,0
9736,82,7,5,2,495,0,495,0
9737,83,7,6,2,1899,0,1899,0
9738,84,7,7,2,2058,0,2058,0
9739,85,7,8,2,0,0,0,0
9740,86,7,9,2,0,0,0,0
9741,87,7,10,2,0,0,0,0
9742,88,8,0,2,0,0,0,0
9743,89,8,1,2,0,0,0,0
9744,90,8,2,2,289,0,289,0
9745,91,8,3,2,1299,0,1299,0
9746,92,8,4,2,686,0,686,0
9747,93,8,5,2,1680,0,1680,0
9748,94,8,6,2,2149,0,2149,0
9749,95,8,7,2,921,0,921,0
9750,96,8,8,2,0,0,0,0
9751,97,8,9,2,0,0,0,0
9752,98,8,10,2,0,0,0,0
9753,99,9,0,2,0,0,0,0
9754,100,9,1,2,0,0,0,0
9755,101,9,2,2,617,0,617,0
9756,102,9,3,2,1294,0,1294,0
9757,103,9,4,2,1080,0,1080,0
9758,104,9,5,2,1159,0,1159,0
9759,105,9,6,2,694,0,694,0
9760,106,9,7,2,0,0,0,0
9761,107,9,8,2,0,0,0,0
9762,108,9,9,2,0,0,0,0
9763,109,9,10,2,0,0,0,0
9764,110,10,0,2,0,0,0,0
9765,111,10,1,2,0,0,0,0
9766,112,10,2,2,72,0,72,0
9767,113,10,3,2,251,0,251,0
9768,114,10,4,2,517,0,517,0
9769,115,10,5,2,114,0,114,0
9770,116,10,6,2,0,0,0,0
9771,117,10,7,2,0,0,0,0
9772,118,10,8,2,0,0,0,0
9773,119,10,9,2,0,0,0,0
9774,120,10,10,2,0,1,0,0
9775,0,0,0,3,0,0,0,0
9776,1,0,1,3,0,0,0,0
9777,2,0,2,3,0,0,0,0
9778,3,0,3,3,0,0,0,0
9779,4,0,4,3,0,0,0,0
9780,5,0,5,3,0,0,0,0
9781,6,0,6,3,245,0,245,0
9782,7,0,7,3,892,0,892,0
9783,8,0,8,3,0,0,0,0
9784,9,0,9,3,0,0,0,0
9785,10,0,10,3,0,0,0,0
9786,11,1,0,3,0,0,0,0
9787,12,1,1,3,0,0,0,0
9788,13,1,2,3,0,0,0,0
9789,14,1,3,3,0,0,0,0
9790,15,1,4,3,0,0,0,0
9791,16,1,5,3,890,0,890,0
9792,17,1,6,3,1423,0,1423,0
9793,18,1,7,3,0,0,0,0
9794,19,1,8,3,0,0,0,0
9795,20,1,9,3,0,0,0,0
9796,21,1,10,3,0,0,0,0
9797,22,2,0,3,0,0,0,0
9798,23,2,1,3,0,0,0,0
9799,24,2,2,3,0,0,0,0
9800,25,2,3,3,0,0,0,0
9801,26,2,4,3,997,0,997,0
9802,27,2,5,3,2344,0,2344,0
9803,28,2,6,3,888,0,888,0
9804,29,2,7,3,0,0,0,0
9805,30,2,8,3,0,0,0,0
9806,31,2,9,3,0,0,0,0
9807,32,2,10,3,0,0,0,0
9808,33,3,0,3,0,0,0,0
9809,34,3,1,3,0,0,0,0
9810,35,3,2,3,0,0,0,0
9811,36,3,3,3,0,0,0,0
9812,37,3,4,3,2256,0,2256,0
9813,38,3,5,3,1180,0,1180,0
9814,39,3,6,3,0,0,0,0
9815,40,3,7,3,0,0,0,0
9816,41,3,8,3,64,0,64,0
9817,42,3,9,3,64,0,64,0
9818,43,3,10,3,0,0,0,0
9819,44,4,0,3,0,0,0,0
9820,45,4,1,3,0,0,0,0
9821,46,4,2,3,0,0,0,0
9822,47,4,3,3,1198,0,1198,0
9823,48,4,4,3,586,0,586,0
9824,49,4,5,3,0,0,0,0
9825,50,4,6,3,0,0,0,0
9826,51,4,7,3,50,0,50,0
9827,52,4,8,3,0,0,0,0
9828,53,4,9,3,0,0,0,0
9829,54,4,10,3,0,0,0,0
9830,55,5,0,3,0,0,0,0
9831,56,5,1,3,0,0,0,0
9832,57,5,2,3,0,0,0,0
9833,58,5,3,3,1163,0,1163,0
9834,59,5,4,3,0,0,0,0
9835,60,5,5,3,0,0,0,0
9836,61,5,6,3,0,0,0,0
9837,62,5,7,3,0,0,0,0
9838,63,5,8,3,0,0,0,0
9839,64,5,9,3,0,0,0,0
9840,65,5,10,3,0,0,0,0
9841,66,6,0,3,0,0,0,0
9842,67,6,1,3,0,0,0,0
9843,68,6,2,3,488,0,488,0
9844,69,6,3,3,0,0,0,0
9845,70,6,4,3,0,0,0,0
9846,71,6,5,3,0,0,0,0
9847,72,6,6,3,297,0,297,0
9848,73,6,7,3,0,0,0,0
9849,74,6,8,3,0,0,0,0
9850,75,6,9,3,0,0,0,0
9851,76,6,10,3,0,0,0,0
9852,77,7,0,3,0,0,0,0
9853,78,7,1,3,0,0,0,0
9854,79,7,2,3,386,0,386,0
9855,80,7,3,3,0,0,0,0
9856,81,7,4,3,0,0,0,0
9857,82,7,5,3,640,0,640,0
9858,83,7,6,3,222,0,222,0
9859,84,7,7,3,211,0,211,0
9860,85,7,8,3,563,0,563,0
9861,86,7,9,3,0,0,0,0
9862,87,7,10,3,0,0,0,0
9863,88,8,0,3,0,0,0,0
9864,89,8,1,3,0,0,0,0
9865,90,8,2,3,297,0,297,0
9866,91,8,3,3,0,0,0,0
9867,92,8,4,3,0,0,0,0
9868,93,8,5,3,696,0,696,0
9869,94,8,6,3,666,0,666,0
9870,95,8,7,3,1097,0,1097,0
9871,96,8,8,3,0,0,0,0
9872,97,8,9,3,0,0,0,0
9873,98,8,10,3,0,0,0,0
9874,99,9,0,3,0,0,0,0
9875,100,9,1,3,506,0,506,0
9876,101,9,2,3,0,0,0,0
9877,102,9,3,3,0,0,0,0
9878,103,9,4,3,534,0,534,0
9879,104,9,5,3,1068,0,1068,0
9880,105,9,6,3,901,0,901,0
9881,106,9,7,3,0,0,0,0
9882,107,9,8,3,0,0,0,0
9883,108,9,9,3,0,0,0,0
9884,109,9,10,3,69,0,69,0
9885,110,10,0,3,42,0,42,0
9886,111,10,1,3,90,0,90,0
9887,112,10,2,3,0,0,0,0
9888,113,10,3,3,500,0,500,0
9889,114,10,4,3,420,0,420,0
9890,115,10,5,3,0,0,0,0
9891,116,10,6,3,0,0,0,0
9892,117,10,7,3,0,0,0,0
9893,118,10,8,3,0,0,0,0
9894,119,10,9,3,91,0,91,0
9895,120,10,10,3,0,1,0,0
9896,0,0,0,4,1,0,1,0
9897,1,0,1,4,1,0,1,0
9898,2,0,2,4,0,0,0,0
9899,3,0,3,4,0,0,0,0
9900,4,0,4,4,512,0,512,0
9901,5,0,5,4,1716,0,1716,0
9902,6,0,6,4,1923,0,1923,0
9903,7,0,7,4,230,0,230,0
9904,8,0,8,4,0,0,0,0
9905,9,0,9,4,0,0,0,0
9906,10,0,10,4,7,0,7,0
9907,11,1,0,4,1,0,1,0
9908,12,1,1,4,1,0,1,0
9909,13,1,2,4,0,0,0,0
9910,14,1,3,4,359,0,359,0
9911,15,1,4,4,1626,0,1626,0
9912,16,1,5,4,2401,0,2401,0
9913,17,1,6,4,458,0,458,0
9914,18,1,7,4,0,0,0,0
9915,19,1,8,4,0,0,0,0
9916,20,1,9,4,0,0,0,0
9917,21,1,10,4,0,0,0,0
9918,22,2,0,4,1,0,1,0
9919,23,2,1,4,0,0,0,0
9920,24,2,2,4,62,0,62,0
9921,25,2,3,4,1409,0,1409,0
9922,26,2,4,4,2367,0,2367,0
9923,27,2,5,4,874,0,874,0
9924,28,2,6,4,0,0,0,0
9925,29,2,7,4,0,0,0,0
9926,30,2,8,4,0,0,0,0
9927,31,2,9,4,0,0,0,0
9928,32,2,10,4,0,0,0,0
9929,33,3,0,4,0,0,0,0
9930,34,3,1,4,25,0,25,0
9931,35,3,2,4,1000,0,1000,0
9932,36,3,3,4,1751,0,1751,0
9933,37,3,4,4,1217,0,1217,0
9934,38,3,5,4,0,0,0,0
9935,39,3,6,4,0,0,0,0
9936,40,3,7,4,0,0,0,0
9937,41,3,8,4,0,0,0,0
9938,42,3,9,4,0,0,0,0
9939,43,3,10,4,8,0,8,0
9940,44,4,0,4,0,0,0,0
9941,45,4,1,4,340,0,340,0
9942,46,4,2,4,1216,0,1216,0
9943,47,4,3,4,327,0,327,0
9944,48,4,4,4,0,0,0,0
9945,49,4,5,4,0,0,0,0
9946,50,4,6,4,0,0,0,0
9947,51,4,7,4,384,0,384,0
9948,52,4,8,4,388,0,388,0
9949,53,4,9,4,0,0,0,0
9950,54,4,10,4,0,0,0,0
9951,55,5,0,4,0,0,0,0
9952,56,5,1,4,425,0,425,0
9953,57,5,2,4,613,0,613,0
9954,58,5,3,4,0,0,0,0
9955,59,5,4,4,0,0,0,0
9956,60,5,5,4,0,0,0,0
9957,61,5,6,4,1196,0,1196,0
9958,62,5,7,4,501,0,501,0
9959,63,5,8,4,0,0,0,0
9960,64,5,9,4,0,0,0,0
9961,65,5,10,4,0,0,0,0
9962,66,6,0,4,56,0,56,0
9963,67,6,1,4,486,0,486,0
9964,68,6,2,4,0,0,0,0
9965,69,6,3,4,0,0,0,0
9966,70,6,4,4,0,0,0,0
9967,71,6,5,4,0,0,0,0
9968,72,6,6,4,738,0,738,0
9969,73,6,7,4,0,0,0,0
9970,74,6,8,4,0,0,0,0
9971,75,6,9,4,0,0,0,0
9972,76,6,10,4,0,0,0,0
9973,77,7,0,4,233,0,233,0
9974,78,7,1,4,617,0,617,0
9975,79,7,2,4,0,0,0,0
9976,80,7,3,4,0,0,0,0
9977,81,7,4,4,0,0,0,0
9978,82,7,5,4,0,0,0,0
9979,83,7,6,4,87,0,87,0
9980,84,7,7,4,0,0,0,0
9981,85,7,8,4,0,0,0,0
9982,86,7,9,4,0,0,0,0
9983,87,7,10,4,0,0,0,0
9984,88,8,0,4,236,0,236,0
9985,89,8,1,4,417,0,417,0
9986,90,8,2,4,0,0,0,0
9987,91,8,3,4,0,0,0,0
9988,92,8,4,4,0,0,0,0
9989,93,8,5,4,0,0,0,0
9990,94,8,6,4,0,0,0,0
9991,95,8,7,4,0,0,0,0
9992,96,8,8,4,0,0,0,0
9993,97,8,9,4,0,0,0,0
9994,98,8,10,4,0,0,0,0
9995,99,9,0,4,0,0,0,0
9996,100,9,1,4,0,0,0,0
9997,101,9,2,4,0,0,0,0
9998,102,9,3,4,0,0,0,0
9999,103,9,4,4,0,0,0,0
10000,104,9,5,4,0,0,0,0
10001,105,9,6,4,0,0,0,0
10002,106,9,7,4,0,0,0,0
10003,107,9,8,4,0,0,0,0
10004,108,9,9,4,0,0,0,0
10005,109,9,10,4,0,0,0,0
10006,110,10,0,4,0,0,0,0
10007,111,10,1,4,0,0,0,0
10008,112,10,2,4,0,0,0,0
10009,113,10,3,4,0,0,0,0
10010,114,10,4,4,0,0,0,0
10011,115,10,5,4,0,0,0,0
10012,116,10,6,4,0,0,0,0
10013,117,10,7,4,0,0,0,0
10014,118,10,8,4,0,0,0,0
10015,119,10,9,4,0,0,0,0
10016,120,10,10,4,3,1,3,0
10017,0,0,0,5,0,0,0,0
10018,1,0,1,5,0,0,0,0
10019,2,0,2,5,0,0,0,0
10020,3,0,3,5,0,0,0,0
10021,4,0,4,5,0,0,0,0
10022,5,0,5,5,0,0,0,0
10023,6,0,6,5,0,0,0,0
10024,7,0,7,5,0,0,0,0
10025,8,0,8,5,0,0,0,0
10026,9,0,9,5,0,0,0,0
10027,10,0,10,5,0,0,0,0
10028,11,1,0,5,0,0,0,0
10029,12,1,1,5,0,0,0,0
10030,13,1,2,5,0,0,0,0
10031,14,1,3,5,0,0,0,0
10032,15,1,4,5,0,0,0,0
10033,16,1,5,5,0,0,0,0
10034,17,1,6,5,0,0,0,0
10035,18,1,7,5,0,0,0,0
10036,19,1,8,5,0,0,0,0
10037,20,1,9,5,0,0,0,0
10038,21,1,10,5,0,0,0,0
10039,22,2,0,5,0,0,0,0
10040,23,2,1,5,0,0,0,0
10041,24,2,2,5,0,0,0,0
10042,25,2,3,5,0,0,0,0
10043,26,2,4,5,0,0,0,0
10044,27,2,5,5,0,0,0,0
10045,28,2,6,5,0,0,0,0
10046,29,2,7,5,239,0,239,0
10047,30,2,8,5,0,0,0,0
10048,31,2,9,5,0,0,0,0
10049,32,2,10,5,0,0,0,0
10050,33,3,0,5,0,0,0,0
10051,34,3,1,5,0,0,0,0
10052,35,3,2,5,0,0,0,0
10053,36,3,3,5,0,0,0,0
10054,37,3,4,5,0,0,0,0
10055,38,3,5,5,0,0,0,0
10056,39,3,6,5,0,0,0,0
10057,40,3,7,5,0,0,0,0
10058,41,3,8,5,0,0,0,0
10059,42,3,9,5,0,0,0,0
10060,43,3,10,5,0,0,0,0
10061,44,4,0,5,0,0,0,0
10062,45,4,1,5,0,0,0,0
10063,46,4,2,5,0,0,0,0
10064,47,4,3,5,0,0,0,0
10065,48,4,4,5,0,0,0,0
10066,49,4,5,5,0,0,0,0
10067,50,4,6,5,0,0,0,0
10068,51,4,7,5,0,0,0,0
10069,52,4,8,5,0,0,0,0
10070,53,4,9,5,0,0,0,0
10071,54,4,10,5,0,0,0,0
10072,55,5,0,5,0,0,0,0
10073,56,5,1,5,0,0,0,0
10074,57,5,2,5,0,0,0,0
10075,58,5,3,5,974,0,974,0
10076,59,5,4,5,0,0,0,0
10077,60,5,5,5,0,0,0,0
10078,61,5,6,5,0,0,0,0
10079,62,5,7,5,0,0,0,0
10080,63,5,8,5,0,0,0,0
10081,64,5,9,5,0,0,0,0
10082,65,5,10,5,0,0,0,0
10083,66,6,0,5,0,0,0,0
10084,67,6,1,5,0,0,0,0
10085,68,6,2,5,0,0,0,0
10086,69,6,3,5,1795,0,1795,0
10087,70,6,4,5,0,0,0,0
10088,71,6,5,5,0,0,0,0
10089,72,6,6,5,0,0,0,0
10090,73,6,7,5,1023,0,1023,0
10091,74,6,8,5,0,0,0,0
10092,75,6,9,5,0,0,0,0
10093,76,6,10,5,0,0,0,0
10094,77,7,0,5,0,0,0,0
10095,78,7,1,5,0,0,0,0
10096,79,7,2,5,155,0,155,0
10097,80,7,3,5,1639,0,1639,0
10098,81,7,4,5,0,0,0,0
10099,82,7,5,5,0,0,0,0
10100,83,7,6,5,0,0,0,0
10101,84,7,7,5,1046,0,1046,0
10102,85,7,8,5,1480,0,1480,0
10103,86,7,9,5,0,0,0,0
10104,87,7,10,5,0,0,0,0
10105,88,8,0,5,0,0,0,0
10106,89,8,1,5,0,0,0,0
10107,90,8,2,5,880,0,880,0
10108,91,8,3,5,621,0,621,0
10109,92,8,4,5,0,0,0,0
10110,93,8,5,5,0,0,0,0
10111,94,8,6,5,0,0,0,0
10112,95,8,7,5,0,0,0,0
10113,96,8,8,5,110,0,110,0
10114,97,8,9,5,0,0,0,0
10115,98,8,10,5,0,0,0,0
10116,99,9,0,5,0,0,0,0
10117,100,9,1,5,0,0,0,0
10118,101,9,2,5,0,0,0,0
10119,102,9,3,5,0,0,0,0
10120,103,9,4,5,0,0,0,0
10121,104,9,5,5,0,0,0,0
10122,105,9,6,5,0,0,0,0
10123,106,9,7,5,0,0,0,0
10124,107,9,8,5,0,0,0,0
10125,108,9,9,5,0,0,0,0
10126,109,9,10,5,0,0,0,0
10127,110,10,0,5,0,0,0,0
10128,111,10,1,5,0,0,0,0
10129,112,10,2,5,0,0,0,0
10130,113,10,3,5,0,0,0,0
10131,114,10,4,5,0,0,0,0
10132,115,10,5,5,0,0,0,0
10133,116,10,6,5,0,0,0,0
10134,117,10,7,5,0,0,0,0
10135,118,10,8,5,0,0,0,0
10136,119,10,9,5,0,0,0,0
10137,120,10,10,5,0,1,0,0
10138,0,0,0,6,718,0,718,0
10139,1,0,1,6,718,0,718,0
10140,2,0,2,6,716,0,716,0
10141,3,0,3,6,358,0,358,0
10142,4,0,4,6,0,0,0,0
10143,5,0,5,6,0,0,0,0
10144,6,0,6,6,0,0,0,0
10145,7,0,7,6,0,0,0,0
10146,8,0,8,6,0,0,0,0
10147,9,0,9,6,68,0,68,0
10148,10,0,10,6,708,0,708,0
10149,11,1,0,6,718,0,718,0
10150,12,1,1,6,718,0,718,0
10151,13,1,2,6,649,0,649,0
10152,14,1,3,6,0,0,0,0
10153,15,1,4,6,0,0,0,0
10154,16,1,5,6,0,0,0,0
10155,17,1,6,6,0,0,0,0
10156,18,1,7,6,0,0,0,0
10157,19,1,8,6,0,0,0,0
10158,20,1,9,6,0,0,0,0
10159,21,1,10,6,688,0,688,0
10160,22,2,0,6,718,0,718,0
10161,23,2,1,6,665,0,665,0
10162,24,2,2,6,104,0,104,0
10163,25,2,3,6,0,0,0,0
10164,26,2,4,6,0,0,0,0
10165,27,2,5,6,0,0,0,0
10166,28,2,6,6,0,0,0,0
10167,29,2,7,6,0,0,0,0
10168,30,2,8,6,0,0,0,0
10169,31,2,9,6,0,0,0,0
10170,32,2,10,6,697,0,697,0
10171,33,3,0,6,715,0,715,0
10172,34,3,1,6,138,0,138,0
10173,35,3,2,6,0,0,0,0
10174,36,3,3,6,0,0,0,0
10175,37,3,4,6,0,0,0,0
10176,38,3,5,6,0,0,0,0
10177,39,3,6,6,0,0,0,0
10178,40,3,7,6,0,0,0,0
10179,41,3,8,6,1040,0,1040,0
10180,42,3,9,6,798,0,798,0
10181,43,3,10,6,721,0,721,0
10182,44,4,0,6,680,0,680,0
10183,45,4,1,6,0,0,0,0
10184,46,4,2,6,0,0,0,0
10185,47,4,3,6,0,0,0,0
10186,48,4,4,6,0,0,0,0
10187,49,4,5,6,0,0,0,0
10188,50,4,6,6,0,0,0,0
10189,51,4,7,6,842,0,842,0
10190,52,4,8,6,1879,0,1879,0
10191,53,4,9,6,1180,0,1180,0
10192,54,4,10,6,712,0,712,0
10193,55,5,0,6,500,0,500,0
10194,56,5,1,6,0,0,0,0
10195,57,5,2,6,0,0,0,0
10196,58,5,3,6,0,0,0,0
10197,59,5,4,6,0,0,0,0
10198,60,5,5,6,0,0,0,0
10199,61,5,6,6,0,0,0,0
10200,62,5,7,6,0,0,0,0
10201,63,5,8,6,0,0,0,0
10202,64,5,9,6,234,0,234,0
10203,65,5,10,6,610,0,610,0
10204,66,6,0,6,130,0,130,0
10205,67,6,1,6,0,0,0,0
10206,68,6,2,6,0,0,0,0
10207,69,6,3,6,0,0,0,0
10208,70,6,4,6,0,0,0,0
10209,71,6,5,6,0,0,0,0
10210,72,6,6,6,0,0,0,0
10211,73,6,7,6,0,0,0,0
10212,74,6,8,6,0,0,0,0
10213,75,6,9,6,0,0,0,0
10214,76,6,10,6,0,0,0,0
10215,77,7,0,6,0,0,0,0
10216,78,7,1,6,0,0,0,0
10217,79,7,2,6,0,0,0,0
10218,80,7,3,6,0,0,0,0
10219,81,7,4,6,0,0,0,0
10220,82,7,5,6,0,0,0,0
10221,83,7,6,6,0,0,0,0
10222,84,7,7,6,0,0,0,0
10223,85,7,8,6,0,0,0,0
10224,86,7,9,6,0,0,0,0
10225,87,7,10,6,0,0,0,0
10226,88,8,0,6,0,0,0,0
10227,89,8,1,6,0,0,0,0
10228,90,8,2,6,0,0,0,0
10229,91,8,3,6,0,0,0,0
10230,92,8,4,6,0,0,0,0
10231,93,8,5,6,0,0,0,0
10232,94,8,6,6,0,0,0,0
10233,95,8,7,6,0,0,0,0
10234,96,8,8,6,0,0,0,0
10235,97,8,9,6,0,0,0,0
10236,98,8,10,6,0,0,0,0
10237,99,9,0,6,463,0,463,0
10238,100,9,1,6,631,0,631,0
10239,101,9,2,6,0,0,0,0
10240,102,9,3,6,0,0,0,0
10241,103,9,4,6,0,0,0,0
10242,104,9,5,6,0,0,0,0
10243,105,9,6,6,0,0,0,0
10244,106,9,7,6,0,0,0,0
10245,107,9,8,6,0,0,0,0
10246,108,9,9,6,230,0,230,0
10247,109,9,10,6,554,0,554,0
10248,110,10,0,6,946,0,946,0
10249,111,10,1,6,1838,0,1838,0
10250,112,10,2,6,2157,0,2157,0
10251,113,10,3,6,224,0,224,0
10252,114,10,4,6,0,0,0,0
10253,115,10,5,6,0,0,0,0
10254,116,10,6,6,0,0,0,0
10255,117,10,7,6,0,0,0,0
10256,118,10,8,6,0,0,0,0
10257,119,10,9,6,723,0,723,0
10258,120,10,10,6,720,1,720,0
10259,0,0,0,7,0,0,0,0
10260,1,0,1,7,0,0,0,0
10261,2,0,2,7,0,0,0,0
10262,3,0,3,7,0,0,0,0
10263,4,0,4,7,1052,0,1052,0
10264,5,0,5,7,1139,0,1139,0
10265,6,0,6,7,0,0,0,0
10266,7,0,7,7,0,0,0,0
10267,8,0,8,7,0,0,0,0
10268,9,0,9,7,0,0,0,0
10269,10,0,10,7,0,0,0,0
10270,11,1,0,7,0,0,0,0
10271,12,1,1,7,0,0,0,0
10272,13,1,2,7,0,0,0,0
10273,14,1,3,7,816,0,816,0
10274,15,1,4,7,1797,0,1797,0
10275,16,1,5,7,0,0,0,0
10276,17,1,6,7,0,0,0,0
10277,18,1,7,7,0,0,0,0
10278,19,1,8,7,265,0,265,0
10279,20,1,9,7,633,0,633,0
10280,21,1,10,7,0,0,0,0
10281,22,2,0,7,0,0,0,0
10282,23,2,1,7,0,0,0,0
10283,24,2,2,7,385,0,385,0
10284,25,2,3,7,2093,0,2093,0
10285,26,2,4,7,222,0,222,0
10286,27,2,5,7,0,0,0,0
10287,28,2,6,7,0,0,0,0
10288,29,2,7,7,0,0,0,0
10289,30,2,8,7,1261,0,1261,0
10290,31,2,9,7,437,0,437,0
10291,32,2,10,7,0,0,0,0
10292,33,3,0,7,0,0,0,0
10293,34,3,1,7,76,0,76,0
10294,35,3,2,7,1753,0,1753,0
10295,36,3,3,7,1186,0,1186,0
10296,37,3,4,7,0,0,0,0
10297,38,3,5,7,0,0,0,0
10298,39,3,6,7,0,0,0,0
10299,40,3,7,7,115,0,115,0
10300,41,3,8,7,0,0,0,0
10301,42,3,9,7,0,0,0,0
10302,43,3,10,7,0,0,0,0
10303,44,4,0,7,0,0,0,0
10304,45,4,1,7,710,0,710,0
10305,46,4,2,7,2248,0,2248,0
10306,47,4,3,7,0,0,0,0
10307,48,4,4,7,0,0,0,0
10308,49,4,5,7,0,0,0,0
10309,50,4,6,7,395,0,395,0
10310,51,4,7,7,0,0,0,0
10311,52,4,8,7,0,0,0,0
10312,53,4,9,7,0,0,0,0
10313,54,4,10,7,0,0,0,0
10314,55,5,0,7,0,0,0,0
10315,56,5,1,7,1302,0,1302,0
10316,57,5,2,7,1049,0,1049,0
10317,58,5,3,7,0,0,0,0
10318,59,5,4,7,0,0,0,0
10319,60,5,5,7,2375,0,2375,0
10320,61,5,6,7,0,0,0,0
10321,62,5,7,7,0,0,0,0
10322,63,5,8,7,0,0,0,0
10323,64,5,9,7,0,0,0,0
10324,65,5,10,7,0,0,0,0
10325,66,6,0,7,150,0,150,0
10326,67,6,1,7,1804,0,1804,0
10327,68,6,2,7,0,0,0,0
10328,69,6,3,7,0,0,0,0
10329,70,6,4,7,0,0,0,0
10330,71,6,5,7,1387,0,1387,0
10331,72,6,6,7,0,0,0,0
10332,73,6,7,7,0,0,0,0
10333,74,6,8,7,0,0,0,0
10334,75,6,9,7,0,0,0,0
10335,76,6,10,7,0,0,0,0
10336,77,7,0,7,558,0,558,0
10337,78,7,1,7,1876,0,1876,0
10338,79,7,2,7,0,0,0,0
10339,80,7,3,7,0,0,0,0
10340,81,7,4,7,1558,0,1558,0
10341,82,7,5,7,0,0,0,0
10342,83,7,6,7,0,0,0,0
10343,84,7,7,7,0,0,0,0
10344,85,7,8,7,0,0,0,0
10345,86,7,9,7,0,0,0,0
10346,87,7,10,7,917,0,917,0
10347,88,8,0,7,781,0,781,0
10348,89,8,1,7,1456,0,1456,0
10349,90,8,2,7,0,0,0,0
10350,91,8,3,7,0,0,0,0
10351,92,8,4,7,893,0,893,0
10352,93,8,5,7,0,0,0,0
10353,94,8,6,7,0,0,0,0
10354,95,8,7,7,0,0,0,0
10355,96,8,8,7,0,0,0,0
10356,97,8,9,7,795,0,795,0
10357,98,8,10,7,593,0,593,0
10358,99,9,0,7,469,0,469,0
10359,100,9,1,7,392,0,392,0
10360,101,9,2,7,0,0,0,0
10361,102,9,3,7,440,0,440,0
10362,103,9,4,7,0,0,0,0
10363,104,9,5,7,0,0,0,0
10364,105,9,6,7,0,0,0,0
10365,106,9,7,7,0,0,0,0
10366,107,9,8,7,329,0,329,0
10367,108,9,9,7,460,0,460,0
10368,109,9,10,7,0,0,0,0
10369,110,10,0,7,0,0,0,0
10370,111,10,1,7,0,0,0,0
10371,112,10,2,7,0,0,0,0
10372,113,10,3,7,0,0,0,0
10373,114,10,4,7,0,0,0,0
10374,115,10,5,7,0,0,0,0
10375,116,10,6,7,0,0,0,0
10376,117,10,7,7,436,0,436,0
10377,118,10,8,7,450,0,450,0
10378,119,10,9,7,0,0,0,0
10379,120,10,10,7,0,1,0,0
10380,0,0,0,8,0,0,0,0
10381,1,0,1,8,0,0,0,0
10382,2,0,2,8,0,0,0,0
10383,3,0,3,8,0,0,0,0
10384,4,0,4,8,0,0,0,0
10385,5,0,5,8,207,0,207,0
10386,6,0,6,8,768,0,768,0
10387,7,0,7,8,0,0,0,0
10388,8,0,8,8,0,0,0,0
10389,9,0,9,8,0,0,0,0
10390,10,0,10,8,0,0,0,0
10391,11,1,0,8,0,0,0,0
10392,12,1,1,8,0,0,0,0
10393,13,1,2,8,0,0,0,0
10394,14,1,3,8,0,0,0,0
10395,15,1,4,8,0,0,0,0
10396,16,1,5,8,0,0,0,0
10397,17,1,6,8,0,0,0,0
10398,18,1,7,8,1086,0,1086,0
10399,19,1,8,8,0,0,0,0
10400,20,1,9,8,0,0,0,0
10401,21,1,10,8,0,0,0,0
10402,22,2,0,8,0,0,0,0
10403,23,2,1,8,0,0,0,0
10404,24,2,2,8,0,0,0,0
10405,25,2,3,8,0,0,0,0
10406,26,2,4,8,0,0,0,0
10407,27,2,5,8,0,0,0,0
10408,28,2,6,8,0,0,0,0
10409,29,2,7,8,0,0,0,0
10410,30,2,8,8,541,0,541,0
10411,31,2,9,8,0,0,0,0
10412,32,2,10,8,0,0,0,0
10413,33,3,0,8,0,0,0,0
10414,34,3,1,8,0,0,0,0
10415,35,3,2,8,0,0,0,0
10416,36,3,3,8,0,0,0,0
10417,37,3,4,8,0,0,0,0
10418,38,3,5,8,0,0,0,0
10419,39,3,6,8,0,0,0,0
10420,40,3,7,8,0,0,0,0
10421,41,3,8,8,0,0,0,0
10422,42,3,9,8,0,0,0,0
10423,43,3,10,8,0,0,0,0
10424,44,4,0,8,0,0,0,0
10425,45,4,1,8,0,0,0,0
10426,46,4,2,8,0,0,0,0
10427,47,4,3,8,0,0,0,0
10428,48,4,4,8,0,0,0,0
10429,49,4,5,8,0,0,0,0
10430,50,4,6,8,0,0,0,0
10431,51,4,7,8,0,0,0,0
10432,52,4,8,8,0,0,0,0
10433,53,4,9,8,0,0,0,0
10434,54,4,10,8,0,0,0,0
10435,55,5,0,8,0,0,0,0
10436,56,5,1,8,0,0,0,0
10437,57,5,2,8,0,0,0,0
10438,58,5,3,8,0,0,0,0
10439,59,5,4,8,0,0,0,0
10440,60,5,5,8,282,0,282,0
10441,61,5,6,8,870,0,870,0
10442,62,5,7,8,456,0,456,0
10443,63,5,8,8,0,0,0,0
10444,64,5,9,8,0,0,0,0
10445,65,5,10,8,0,0,0,0
10446,66,6,0,8,0,0,0,0
10447,67,6,1,8,0,0,0,0
10448,68,6,2,8,0,0,0,0
10449,69,6,3,8,0,0,0,0
10450,70,6,4,8,0,0,0,0
10451,71,6,5,8,0,0,0,0
10452,72,6,6,8,381,0,381,0
10453,73,6,7,8,1277,0,1277,0
10454,74,6,8,8,1424,0,1424,0
10455,75,6,9,8,0,0,0,0
10456,76,6,10,8,0,0,0,0
10457,77,7,0,8,0,0,0,0
10458,78,7,1,8,0,0,0,0
10459,79,7,2,8,0,0,0,0
10460,80,7,3,8,0,0,0,0
10461,81,7,4,8,0,0,0,0
10462,82,7,5,8,0,0,0,0
10463,83,7,6,8,0,0,0,0
10464,84,7,7,8,0,0,0,0
10465,85,7,8,8,915,0,915,0
10466,86,7,9,8,280,0,280,0
10467,87,7,10,8,0,0,0,0
10468,88,8,0,8,0,0,0,0
10469,89,8,1,8,0,0,0,0
10470,90,8,2,8,644,0,644,0
10471,91,8,3,8,0,0,0,0
10472,92,8,4,8,0,0,0,0
10473,93,8,5,8,0,0,0,0
10474,94,8,6,8,0,0,0,0
10475,95,8,7,8,0,0,0,0
10476,96,8,8,8,0,0,0,0
10477,97,8,9,8,0,0,0,0
10478,98,8,10,8,0,0,0,0
10479,99,9,0,8,0,0,0,0
10480,100,9,1,8,0,0,0,0
10481,101,9,2,8,1183,0,1183,0
10482,102,9,3,8,977,0,977,0
10483,103,9,4,8,0,0,0,0
10484,104,9,5,8,0,0,0,0
10485,105,9,6,8,0,0,0,0
10486,106,9,7,8,0,0,0,0
10487,107,9,8,8,0,0,0,0
10488,108,9,9,8,0,0,0,0
10489,109,9,10,8,0,0,0,0
10490,110,10,0,8,0,0,0,0
10491,111,10,1,8,0,0,0,0
10492,112,10,2,8,0,0,0,0
10493,113,10,3,8,0,0,0,0
10494,114,10,4,8,0,0,0,0
10495,115,10,5,8,0,0,0,0
10496,116,10,6,8,0,0,0,0
10497,117,10,7,8,0,0,0,0
10498,118,10,8,8,0,0,0,0
10499,119,10,9,8,0,0,0,0
10500,120,10,10,8,0,1,0,0
10501,0,0,0,9,0,0,0,0
10502,1,0,1,9,0,0,0,0
10503,2,0,2,9,0,0,0,0
10504,3,0,3,9,0,0,0,0
10505,4,0,4,9,0,0,0,0
10506,5,0,5,9,0,0,0,0
10507,6,0,6,9,0,0,0,0
10508,7,0,7,9,0,0,0,0
10509,8,0,8,9,0,0,0,0
10510,9,0,9,9,0,0,0,0
10511,10,0,10,9,0,0,0,0
10512,11,1,0,9,0,0,0,0
10513,12,1,1,9,0,0,0,0
10514,13,1,2,9,0,0,0,0
10515,14,1,3,9,0,0,0,0
10516,15,1,4,9,59,0,59,0
10517,16,1,5,9,1026,0,1026,0
10518,17,1,6,9,0,0,0,0
10519,18,1,7,9,0,0,0,0
10520,19,1,8,9,0,0,0,0
10521,20,1,9,9,0,0,0,0
10522,21,1,10,9,0,0,0,0
10523,22,2,0,9,0,0,0,0
10524,23,2,1,9,0,0,0,0
10525,24,2,2,9,0,0,0,0
10526,25,2,3,9,32,0,32,0
10527,26,2,4,9,1143,0,1143,0
10528,27,2,5,9,1669,0,1669,0
10529,28,2,6,9,1527,0,1527,0
10530,29,2,7,9,640,0,640,0
10531,30,2,8,9,0,0,0,0
10532,31,2,9,9,0,0,0,0
10533,32,2,10,9,0,0,0,0
10534,33,3,0,9,0,0,0,0
10535,34,3,1,9,0,0,0,0
10536,35,3,2,9,0,0,0,0
10537,36,3,3,9,307,0,307,0
10538,37,3,4,9,494,0,494,0
10539,38,3,5,9,150,0,150,0
10540,39,3,6,9,0,0,0,0
10541,40,3,7,9,0,0,0,0
10542,41,3,8,9,0,0,0,0
10543,42,3,9,9,0,0,0,0
10544,43,3,10,9,0,0,0,0
10545,44,4,0,9,0,0,0,0
10546,45,4,1,9,0,0,0,0
10547,46,4,2,9,116,0,116,0
10548,47,4,3,9,568,0,568,0
10549,48,4,4,9,0,0,0,0
10550,49,4,5,9,0,0,0,0
10551,50,4,6,9,0,0,0,0
10552,51,4,7,9,0,0,0,0
10553,52,4,8,9,0,0,0,0
10554,53,4,9,9,0,0,0,0
10555,54,4,10,9,0,0,0,0
10556,55,5,0,9,0,0,0,0
10557,56,5,1,9,0,0,0,0
10558,57,5,2,9,441,0,441,0
10559,58,5,3,9,0,0,0,0
10560,59,5,4,9,0,0,0,0
10561,60,5,5,9,0,0,0,0
10562,61,5,6,9,0,0,0,0
10563,62,5,7,9,0,0,0,0
10564,63,5,8,9,0,0,0,0
10565,64,5,9,9,0,0,0,0
10566,65,5,10,9,0,0,0,0
10567,66,6,0,9,0,0,0,0
10568,67,6,1,9,184,0,184,0
10569,68,6,2,9,480,0,480,0
10570,69,6,3,9,0,0,0,0
10571,70,6,4,9,0,0,0,0
10572,71,6,5,9,0,0,0,0
10573,72,6,6,9,1589,0,1589,0
10574,73,6,7,9,0,0,0,0
10575,74,6,8,9,0,0,0,0
10576,75,6,9,9,0,0,0,0
10577,76,6,10,9,0,0,0,0
10578,77,7,0,9,0,0,0,0
10579,78,7,1,9,401,0,401,0
10580,79,7,2,9,519,0,519,0
10581,80,7,3,9,0,0,0,0
10582,81,7,4,9,0,0,0,0
10583,82,7,5,9,1211,0,1211,0
10584,83,7,6,9,2556,0,2556,0
10585,84,7,7,9,1888,0,1888,0
10586,85,7,8,9,150,0,150,0
10587,86,7,9,9,0,0,0,0
10588,87,7,10,9,0,0,0,0
10589,88,8,0,9,0,0,0,0
10590,89,8,1,9,471,0,471,0
10591,90,8,2,9,754,0,754,0
10592,91,8,3,9,446,0,446,0
10593,92,8,4,9,499,0,499,0
10594,93,8,5,9,2044,0,2044,0
10595,94,8,6,9,2332,0,2332,0
10596,95,8,7,9,1808,0,1808,0
10597,96,8,8,9,586,0,586,0
10598,97,8,9,9,0,0,0,0
10599,98,8,10,9,0,0,0,0
10600,99,9,0,9,0,0,0,0
10601,100,9,1,9,333,0,333,0
10602,101,9,2,9,1195,0,1195,0
10603,102,9,3,9,2351,0,2351,0
10604,103,9,4,9,2885,0,2885,0
10605,104,9,5,9,3234,0,3234,0
10606,105,9,6,9,2655,0,2655,0
10607,106,9,7,9,1535,0,1535,0
10608,107,9,8,9,388,0,388,0
10609,108,9,9,9,0,0,0,0
10610,109,9,10,9,0,0,0,0
10611,110,10,0,9,0,0,0,0
10612,111,10,1,9,338,0,338,0
10613,112,10,2,9,851,0,851,0
10614,113,10,3,9,2135,0,2135,0
10615,114,10,4,9,2614,0,2614,0
10616,115,10,5,9,2488,0,2488,0
10617,116,10,6,9,1823,0,1823,0
10618,117,10,7,9,452,0,452,0
10619,118,10,8,9,0,0,0,0
10620,119,10,9,9,0,0,0,0
10621,120,10,10,9,0,1,0,0
10622,0,0,0,10,0,0,0,0
10623,1,0,1,10,0,0,0,0
10624,2,0,2,10,0,0,0,0
10625,3,0,3,10,0,0,0,0
10626,4,0,4,10,0,0,0,0
10627,5,0,5,10,0,0,0,0
10628,6,0,6,10,0,0,0,0
10629,7,0,7,10,239,0,239,0
10630,8,0,8,10,0,0,0,0
10631,9,0,9,10,0,0,0,0
10632,10,0,10,10,0,0,0,0
10633,11,1,0,10,0,0,0,0
10634,12,1,1,10,0,0,0,0
10635,13,1,2,10,0,0,0,0
10636,14,1,3,10,0,0,0,0
10637,15,1,4,10,0,0,0,0
10638,16,1,5,10,0,0,0,0
10639,17,1,6,10,0,0,0,0
10640,18,1,7,10,0,0,0,0
10641,19,1,8,10,0,0,0,0
10642,20,1,9,10,0,0,0,0
10643,21,1,10,10,0,0,0,0
10644,22,2,0,10,0,0,0,0
10645,23,2,1,10,0,0,0,0
10646,24,2,2,10,0,0,0,0
10647,25,2,3,10,268,0,267,1
10648,26,2,4,10,0,0,0,0
10649,27,2,5,10,0,0,0,0
10650,28,2,6,10,0,0,0,0
10651,29,2,7,10,0,0,0,0
10652,30,2,8,10,0,0,0,0
10653,31,2,9,10,0,0,0,0
10654,32,2,10,10,0,0,0,0
10655,33,3,0,10,0,0,0,0
10656,34,3,1,10,0,0,0,0
10657,35,3,2,10,58,0,58,0
10658,36,3,3,10,276,0,276,0
10659,37,3,4,10,0,0,0,0
10660,38,3,5,10,0,0,0,0
10661,39,3,6,10,0,0,0,0
10662,40,3,7,10,0,0,0,0
10663,41,3,8,10,0,0,0,0
10664,42,3,9,10,0,0,0,0
10665,43,3,10,10,0,0,0,0
10666,44,4,0,10,0,0,0,0
10667,45,4,1,10,0,0,0,0
10668,46,4,2,10,348,0,348,0
10669,47,4,3,10,0,0,0,0
10670,48,4,4,10,56,0,56,0
10671,49,4,5,10,0,0,0,0
10672,50,4,6,10,0,0,0,0
10673,51,4,7,10,0,0,0,0
10674,52,4,8,10,0,0,0,0
10675,53,4,9,10,0,0,0,0
10676,54,4,10,10,0,0,0,0
10677,55,5,0,10,0,0,0,0
10678,56,5,1,10,389,0,389,0
10679,57,5,2,10,153,0,153,0
10680,58,5,3,10,0,0,0,0
10681,59,5,4,10,1590,0,1590,0
10682,60,5,5,10,198,0,198,0
10683,61,5,6,10,0,0,0,0
10684,62,5,7,10,0,0,0,0
10685,63,5,8,10,454,0,454,0
10686,64,5,9,10,0,0,0,0
10687,65,5,10,10,0,0,0,0
10688,66,6,0,10,0,0,0,0
10689,67,6,1,10,682,0,682,0
10690,68,6,2,10,0,0,0,0
10691,69,6,3,10,452,0,452,0
10692,70,6,4,10,2795,0,2795,0
10693,71,6,5,10,0,0,0,0
10694,72,6,6,10,0,0,0,0
10695,73,6,7,10,0,0,0,0
10696,74,6,8,10,0,0,0,0
10697,75,6,9,10,0,0,0,0
10698,76,6,10,10,0,0,0,0
10699,77,7,0,10,0,0,0,0
10700,78,7,1,10,513,0,513,0
10701,79,7,2,10,0,0,0,0
10702,80,7,3,10,573,0,573,0
10703,81,7,4,10,2348,0,2348,0
10704,82,7,5,10,0,0,0,0
10705,83,7,6,10,0,0,0,0
10706,84,7,7,10,0,0,0,0
10707,85,7,8,10,0,0,0,0
10708,86,7,9,10,0,0,0,0
10709,87,7,10,10,0,0,0,0
10710,88,8,0,10,48,0,48,0
10711,89,8,1,10,418,0,418,0
10712,90,8,2,10,0,0,0,0
10713,91,8,3,10,1932,0,1932,0
10714,92,8,4,10,393,0,393,0
10715,93,8,5,10,0,0,0,0
10716,94,8,6,10,0,0,0,0
10717,95,8,7,10,0,0,0,0
10718,96,8,8,10,0,0,0,0
10719,97,8,9,10,0,0,0,0
10720,98,8,10,10,0,0,0,0
10721,99,9,0,10,0,0,0,0
10722,100,9,1,10,0,0,0,0
10723,101,9,2,10,0,0,0,0
10724,102,9,3,10,1930,0,1930,0
10725,103,9,4,10,294,0,294,0
10726,104,9,5,10,0,0,0,0
10727,105,9,6,10,0,0,0,0
10728,106,9,7,10,0,0,0,0
10729,107,9,8,10,0,0,0,0
10730,108,9,9,10,0,0,0,0
10731,109,9,10,10,0,0,0,0
10732,110,10,0,10,0,0,0,0
10733,111,10,1,10,0,0,0,0
10734,112,10,2,10,0,0,0,0
10735,113,10,3,10,0,0,0,0
10736,114,10,4,10,0,0,0,0
10737,115,10,5,10,0,0,0,0
10738,116,10,6,10,0,0,0,0
10739,117,10,7,10,0,0,0,0
10740,118,10,8,10,0,0,0,0
10741,119,10,9,10,0,0,0,0
10742,120,10,10,10,0,1,0,0
10743,0,0,0,11,0,0,0,0
10744,1,0,1,11,0,0,0,0
10745,2,0,2,11,0,0,0,0
10746,3,0,3,11,0,0,0,0
10747,4,0,4,11,278,0,278,0
10748,5,0,5,11,496,0,496,0
10749,6,0,6,11,1851,0,1851,0
10750,7,0,7,11,2222,0,2222,0
10751,8,0,8,11,1233,0,1233,0
10752,9,0,9,11,565,0,565,0
10753,10,0,10,11,0,0,0,0
10754,11,1,0,11,0,0,0,0
10755,12,1,1,11,0,0,0,0
10756,13,1,2,11,14,0,14,0
10757,14,1,3,11,326,0,326,0
10758,15,1,4,11,137,0,137,0
10759,16,1,5,11,0,0,0,0
10760,17,1,6,11,0,0,0,0
10761,18,1,7,11,0,0,0,0
10762,19,1,8,11,0,0,0,0
10763,20,1,9,11,0,0,0,0
10764,21,1,10,11,0,0,0,0
10765,22,2,0,11,0,0,0,0
10766,23,2,1,11,0,0,0,0
10767,24,2,2,11,260,0,260,0
10768,25,2,3,11,515,0,515,0
10769,26,2,4,11,0,0,0,0
10770,27,2,5,11,0,0,0,0
10771,28,2,6,11,0,0,0,0
10772,29,2,7,11,0,0,0,0
10773,30,2,8,11,0,0,0,0
10774,31,2,9,11,0,0,0,0
10775,32,2,10,11,0,0,0,0
10776,33,3,0,11,0,0,0,0
10777,34,3,1,11,0,0,0,0
10778,35,3,2,11,310,0,310,0
10779,36,3,3,11,46,0,46,0
10780,37,3,4,11,0,0,0,0
10781,38,3,5,11,0,0,0,0
10782,39,3,6,11,0,0,0,0
10783,40,3,7,11,0,0,0,0
10784,41,3,8,11,92,0,92,0
10785,42,3,9,11,89,0,89,0
10786,43,3,10,11,0,0,0,0
10787,44,4,0,11,0,0,0,0
10788,45,4,1,11,0,0,0,0
10789,46,4,2,11,0,0,0,0
10790,47,4,3,11,0,0,0,0
10791,48,4,4,11,0,0,0,0
10792,49,4,5,11,405,0,405,0
10793,50,4,6,11,1222,0,1222,0
10794,51,4,7,11,1897,0,1897,0
10795,52,4,8,11,1581,0,1581,0
10796,53,4,9,11,723,0,723,0
10797,54,4,10,11,234,0,234,0
10798,55,5,0,11,0,0,0,0
10799,56,5,1,11,156,0,156,0
10800,57,5,2,11,0,0,0,0
10801,58,5,3,11,0,0,0,0
10802,59,5,4,11,0,0,0,0
10803,60,5,5,11,427,0,427,0
10804,61,5,6,11,929,0,929,0
10805,62,5,7,11,2666,0,2666,0
10806,63,5,8,11,2728,0,2728,0
10807,64,5,9,11,1596,0,1596,0
10808,65,5,10,11,704,0,704,0
10809,66,6,0,11,0,0,0,0
10810,67,6,1,11,105,0,105,0
10811,68,6,2,11,0,0,0,0
10812,69,6,3,11,0,0,0,0
10813,70,6,4,11,0,0,0,0
10814,71,6,5,11,0,0,0,0
10815,72,6,6,11,0,0,0,0
10816,73,6,7,11,0,0,0,0
10817,74,6,8,11,933,0,933,0
10818,75,6,9,11,572,0,572,0
10819,76,6,10,11,525,0,525,0
10820,77,7,0,11,0,0,0,0
10821,78,7,1,11,0,0,0,0
10822,79,7,2,11,0,0,0,0
10823,80,7,3,11,0,0,0,0
10824,81,7,4,11,0,0,0,0
10825,82,7,5,11,0,0,0,0
10826,83,7,6,11,0,0,0,0
10827,84,7,7,11,0,0,0,0
10828,85,7,8,11,0,0,0,0
10829,86,7,9,11,0,0,0,0
10830,87,7,10,11,0,0,0,0
10831,88,8,0,11,19,0,19,0
10832,89,8,1,11,0,0,0,0
10833,90,8,2,11,0,0,0,0
10834,91,8,3,11,0,0,0,0
10835,92,8,4,11,0,0,0,0
10836,93,8,5,11,0,0,0,0
10837,94,8,6,11,0,0,0,0
10838,95,8,7,11,0,0,0,0
10839,96,8,8,11,0,0,0,0
10840,97,8,9,11,0,0,0,0
10841,98,8,10,11,0,0,0,0
10842,99,9,0,11,41,0,41,0
10843,100,9,1,11,0,0,0,0
10844,101,9,2,11,0,0,0,0
10845,102,9,3,11,0,0,0,0
10846,103,9,4,11,0,0,0,0
10847,104,9,5,11,0,0,0,0
10848,105,9,6,11,0,0,0,0
10849,106,9,7,11,0,0,0,0
10850,107,9,8,11,0,0,0,0
10851,108,9,9,11,0,0,0,0
10852,109,9,10,11,0,0,0,0
10853,110,10,0,11,12,0,12,0
10854,111,10,1,11,0,0,0,0
10855,112,10,2,11,0,0,0,0
10856,113,10,3,11,0,0,0,0
10857,114,10,4,11,0,0,0,0
10858,115,10,5,11,0,0,0,0
10859,116,10,6,11,0,0,0,0
10860,117,10,7,11,0,0,0,0
10861,118,10,8,11,0,0,0,0
10862,119,10,9,11,0,0,0,0
10863,120,10,10,11,0,1,0,0
10864,0,0,0,12,0,0,0,0
10865,1,0,1,12,0,0,0,0
10866,2,0,2,12,0,0,0,0
10867,3,0,3,12,0,0,0,0
10868,4,0,4,12,0,0,0,0
10869,5,0,5,12,0,0,0,0
10870,6,0,6,12,0,0,0,0
10871,7,0,7,12,0,0,0,0
10872,8,0,8,12,0,0,0,0
10873,9,0,9,12,0,0,0,0
10874,10,0,10,12,0,0,0,0
10875,11,1,0,12,0,0,0,0
10876,12,1,1,12,0,0,0,0
10877,13,1,2,12,0,0,0,0
10878,14,1,3,12,0,0,0,0
10879,15,1,4,12,0,0,0,0
10880,16,1,5,12,0,0,0,0
10881,17,1,6,12,0,0,0,0
10882,18,1,7,12,0,0,0,0
10883,19,1,8,12,0,0,0,0
10884,20,1,9,12,0,0,0,0
10885,21,1,10,12,0,0,0,0
10886,22,2,0,12,0,0,0,0
10887,23,2,1,12,0,0,0,0
10888,24,2,2,12,0,0,0,0
10889,25,2,3,12,0,0,0,0
10890,26,2,4,12,0,0,0,0
10891,27,2,5,12,0,0,0,0
10892,28,2,6,12,0,0,0,0
10893,29,2,7,12,424,0,424,0
10894,30,2,8,12,803,0,803,0
10895,31,2,9,12,351,0,351,0
10896,32,2,10,12,0,0,0,0
10897,33,3,0,12,0,0,0,0
10898,34,3,1,12,0,0,0,0
10899,35,3,2,12,0,0,0,0
10900,36,3,3,12,0,0,0,0
10901,37,3,4,12,0,0,0,0
10902,38,3,5,12,156,0,156,0
10903,39,3,6,12,47,0,47,0
10904,40,3,7,12,0,0,0,0
10905,41,3,8,12,407,0,407,0
10906,42,3,9,12,268,0,268,0
10907,43,3,10,12,0,0,0,0
10908,44,4,0,12,0,0,0,0
10909,45,4,1,12,0,0,0,0
10910,46,4,2,12,0,0,0,0
10911,47,4,3,12,0,0,0,0
10912,48,4,4,12,0,0,0,0
10913,49,4,5,12,0,0,0,0
10914,50,4,6,12,0,0,0,0
10915,51,4,7,12,0,0,0,0
10916,52,4,8,12,0,0,0,0
10917,53,4,9,12,361,0,361,0
10918,54,4,10,12,311,0,311,0
10919,55,5,0,12,0,0,0,0
10920,56,5,1,12,0,0,0,0
10921,57,5,2,12,0,0,0,0
10922,58,5,3,12,0,0,0,0
10923,59,5,4,12,0,0,0,0
10924,60,5,5,12,0,0,0,0
10925,61,5,6,12,0,0,0,0
10926,62,5,7,12,0,0,0,0
10927,63,5,8,12,0,0,0,0
10928,64,5,9,12,0,0,0,0
10929,65,5,10,12,0,0,0,0
10930,66,6,0,12,0,0,0,0
10931,67,6,1,12,0,0,0,0
10932,68,6,2,12,0,0,0,0
10933,69,6,3,12,0,0,0,0
10934,70,6,4,12,0,0,0,0
10935,71,6,5,12,0,0,0,0
10936,72,6,6,12,0,0,0,0
10937,73,6,7,12,0,0,0,0
10938,74,6,8,12,0,0,0,0
10939,75,6,9,12,0,0,0,0
10940,76,6,10,12,0,0,0,0
10941,77,7,0,12,0,0,0,0
10942,78,7,1,12,0,0,0,0
10943,79,7,2,12,0,0,0,0
10944,80,7,3,12,0,0,0,0
10945,81,7,4,12,0,0,0,0
10946,82,7,5,12,0,0,0,0
10947,83,7,6,12,0,0,0,0
10948,84,7,7,12,0,0,0,0
10949,85,7,8,12,0,0,0,0
10950,86,7,9,12,0,0,0,0
10951,87,7,10,12,0,0,0,0
10952,88,8,0,12,348,0,348,0
10953,89,8,1,12,760,0,760,0
10954,90,8,2,12,0,0,0,0
10955,91,8,3,12,0,0,0,0
10956,92,8,4,12,0,0,0,0
10957,93,8,5,12,0,0,0,0
10958,94,8,6,12,0,0,0,0
10959,95,8,7,12,100,0,100,0
10960,96,8,8,12,218,0,218,0
10961,97,8,9,12,149,0,149,0
10962,98,8,10,12,187,0,187,0
10963,99,9,0,12,582,0,582,0
10964,100,9,1,12,1843,0,1843,0
10965,101,9,2,12,1598,0,1598,0
10966,102,9,3,12,0,0,0,0
10967,103,9,4,12,0,0,0,0
10968,104,9,5,12,0,0,0,0
10969,105,9,6,12,0,0,0,0
10970,106,9,7,12,0,0,0,0
10971,107,9,8,12,0,0,0,0
10972,108,9,9,12,351,0,351,0
10973,109,9,10,12,127,0,127,0
10974,110,10,0,12,279,0,279,0
10975,111,10,1,12,961,0,961,0
10976,112,10,2,12,2443,0,2443,0
10977,113,10,3,12,3356,0,3356,0
10978,114,10,4,12,2505,0,2505,0
10979,115,10,5,12,1633,0,1633,0
10980,116,10,6,12,717,0,717,0
10981,117,10,7,12,463,0,463,0
10982,118,10,8,12,267,0,267,0
10983,119,10,9,12,74,0,74,0
10984,120,10,10,12,0,1,0,0
10985,0,0,0,13,0,0,0,0
10986,1,0,1,13,0,0,0,0
10987,2,0,2,13,0,0,0,0
10988,3,0,3,13,0,0,0,0
10989,4,0,4,13,0,0,0,0
10990,5,0,5,13,0,0,0,0
10991,6,0,6,13,0,0,0,0
10992,7,0,7,13,0,0,0,0
10993,8,0,8,13,59,0,59,0
10994,9,0,9,13,0,0,0,0
10995,10,0,10,13,0,0,0,0
10996,11,1,0,13,0,0,0,0
10997,12,1,1,13,0,0,0,0
10998,13,1,2,13,0,0,0,0
10999,14,1,3,13,0,0,0,0
11000,15,1,4,13,0,0,0,0
11001,16,1,5,13,0,0,0,0
11002,17,1,6,13,689,0,689,0
11003,18,1,7,13,1264,0,1264,0
11004,19,1,8,13,805,0,805,0
11005,20,1,9,13,10,0,10,0
11006,21,1,10,13,0,0,0,0
11007,22,2,0,13,0,0,0,0
11008,23,2,1,13,0,0,0,0
11009,24,2,2,13,0,0,0,0
11010,25,2,3,13,0,0,0,0
11011,26,2,4,13,0,0,0,0
11012,27,2,5,13,0,0,0,0
11013,28,2,6,13,750,0,750,0
11014,29,2,7,13,415,0,415,0
11015,30,2,8,13,0,0,0,0
11016,31,2,9,13,0,0,0,0
11017,32,2,10,13,0,0,0,0
11018,33,3,0,13,0,0,0,0
11019,34,3,1,13,0,0,0,0
11020,35,3,2,13,0,0,0,0
11021,36,3,3,13,0,0,0,0
11022,37,3,4,13,0,0,0,0
11023,38,3,5,13,0,0,0,0
11024,39,3,6,13,0,0,0,0
11025,40,3,7,13,0,0,0,0
11026,41,3,8,13,0,0,0,0
11027,42,3,9,13,0,0,0,0
11028,43,3,10,13,0,0,0,0
11029,44,4,0,13,0,0,0,0
11030,45,4,1,13,0,0,0,0
11031,46,4,2,13,0,0,0,0
11032,47,4,3,13,0,0,0,0
11033,48,4,4,13,0,0,0,0
11034,49,4,5,13,0,0,0,0
11035,50,4,6,13,0,0,0,0
11036,51,4,7,13,0,0,0,0
11037,52,4,8,13,0,0,0,0
11038,53,4,9,13,0,0,0,0
11039,54,4,10,13,0,0,0,0
11040,55,5,0,13,0,0,0,0
11041,56,5,1,13,0,0,0,0
11042,57,5,2,13,0,0,0,0
11043,58,5,3,13,0,0,0,0
11044,59,5,4,13,0,0,0,0
11045,60,5,5,13,0,0,0,0
11046,61,5,6,13,0,0,0,0
11047,62,5,7,13,0,0,0,0
11048,63,5,8,13,0,0,0,0
11049,64,5,9,13,0,0,0,0
11050,65,5,10,13,0,0,0,0
11051,66,6,0,13,0,0,0,0
11052,67,6,1,13,0,0,0,0
11053,68,6,2,13,0,0,0,0
11054,69,6,3,13,0,0,0,0
11055,70,6,4,13,0,0,0,0
11056,71,6,5,13,137,0,137,0
11057,72,6,6,13,558,0,558,0
11058,73,6,7,13,587,0,587,0
11059,74,6,8,13,12,0,12,0
11060,75,6,9,13,328,0,328,0
11061,76,6,10,13,0,0,0,0
11062,77,7,0,13,0,0,0,0
11063,78,7,1,13,0,0,0,0
11064,79,7,2,13,0,0,0,0
11065,80,7,3,13,0,0,0,0
11066,81,7,4,13,0,0,0,0
11067,82,7,5,13,0,0,0,0
11068,83,7,6,13,0,0,0,0
11069,84,7,7,13,0,0,0,0
11070,85,7,8,13,220,0,220,0
11071,86,7,9,13,130,0,130,0
11072,87,7,10,13,0,0,0,0
11073,88,8,0,13,0,0,0,0
11074,89,8,1,13,0,0,0,0
11075,90,8,2,13,0,0,0,0
11076,91,8,3,13,0,0,0,0
11077,92,8,4,13,508,0,508,0
11078,93,8,5,13,0,0,0,0
11079,94,8,6,13,0,0,0,0
11080,95,8,7,13,328,0,328,0
11081,96,8,8,13,0,0,0,0
11082,97,8,9,13,0,0,0,0
11083,98,8,10,13,0,0,0,0
11084,99,9,0,13,0,0,0,0
11085,100,9,1,13,14,0,14,0
11086,101,9,2,13,0,0,0,0
11087,102,9,3,13,671,0,671,0
11088,103,9,4,13,1155,0,1155,0
11089,104,9,5,13,975,0,975,0
11090,105,9,6,13,865,0,865,0
11091,106,9,7,13,0,0,0,0
11092,107,9,8,13,0,0,0,0
11093,108,9,9,13,0,0,0,0
11094,109,9,10,13,0,0,0,0
11095,110,10,0,13,0,0,0,0
11096,111,10,1,13,0,0,0,0
11097,112,10,2,13,0,0,0,0
11098,113,10,3,13,0,0,0,0
11099,114,10,4,13,463,0,463,0
11100,115,10,5,13,788,0,788,0
11101,116,10,6,13,0,0,0,0
11102,117,10,7,13,0,0,0,0
11103,118,10,8,13,0,0,0,0
11104,119,10,9,13,0,0,0,0
11105,120,10,10,13,0,1,0,0
11106,0,0,0,14,0,0,0,0
11107,1,0,1,14,0,0,0,0
11108,2,0,2,14,0,0,0,0
11109,3,0,3,14,0,0,0,0
11110,4,0,4,14,0,0,0,0
11111,5,0,5,14,0,0,0,0
11112,6,0,6,14,0,0,0,0
11113,7,0,7,14,0,0,0,0
11114,8,0,8,14,0,0,0,0
11115,9,0,9,14,0,0,0,0
11116,10,0,10,14,0,0,0,0
11117,11,1,0,14,0,0,0,0
11118,12,1,1,14,0,0,0,0
11119,13,1,2,14,0,0,0,0
11120,14,1,3,14,0,0,0,0
11121,15,1,4,14,0,0,0,0
11122,16,1,5,14,0,0,0,0
11123,17,1,6,14,0,0,0,0
11124,18,1,7,14,0,0,0,0
11125,19,1,8,14,0,0,0,0
11126,20,1,9,14,0,0,0,0
11127,21,1,10,14,0,0,0,0
11128,22,2,0,14,0,0,0,0
11129,23,2,1,14,0,0,0,0
11130,24,2,2,14,0,0,0,0
11131,25,2,3,14,0,0,0,0
11132,26,2,4,14,0,0,0,0
11133,27,2,5,14,0,0,0,0
11134,28,2,6,14,0,0,0,0
11135,29,2,7,14,0,0,0,0
11136,30,2,8,14,0,0,0,0
11137,31,2,9,14,0,0,0,0
11138,32,2,10,14,0,0,0,0
11139,33,3,0,14,0,0,0,0
11140,34,3,1,14,0,0,0,0
11141,35,3,2,14,0,0,0,0
11142,36,3,3,14,0,0,0,0
11143,37,3,4,14,0,0,0,0
11144,38,3,5,14,0,0,0,0
11145,39,3,6,14,0,0,0,0
11146,40,3,7,14,0,0,0,0
11147,41,3,8,14,0,0,0,0
11148,42,3,9,14,0,0,0,0
11149,43,3,10,14,0,0,0,0
11150,44,4,0,14,0,0,0,0
11151,45,4,1,14,0,0,0,0
11152,46,4,2,14,0,0,0,0
11153,47,4,3,14,0,0,0,0
11154,48,4,4,14,0,0,0,0
11155,49,4,5,14,0,0,0,0
11156,50,4,6,14,0,0,0,0
11157,51,4,7,14,0,0,0,0
11158,52,4,8,14,0,0,0,0
11159,53,4,9,14,0,0,0,0
11160,54,4,10,14,0,0,0,0
11161,55,5,0,14,0,0,0,0
11162,56,5,1,14,0,0,0,0
11163,57,5,2,14,0,0,0,0
11164,58,5,3,14,0,0,0,0
11165,59,5,4,14,0,0,0,0
11166,60,5,5,14,0,0,0,0
11167,61,5,6,14,0,0,0,0
11168,62,5,7,14,0,0,0,0
11169,63,5,8,14,0,0,0,0
11170,64,5,9,14,0,0,0,0
11171,65,5,10,14,0,0,0,0
11172,66,6,0,14,0,0,0,0
11173,67,6,1,14,0,0,0,0
11174,68,6,2,14,0,0,0,0
11175,69,6,3,14,0,0,0,0
11176,70,6,4,14,0,0,0,0
11177,71,6,5,14,0,0,0,0
11178,72,6,6,14,0,0,0,0
11179,73,6,7,14,0,0,0,0
11180,74,6,8,14,0,0,0,0
11181,75,6,9,14,0,0,0,0
11182,76,6,10,14,0,0,0,0
11183,77,7,0,14,0,0,0,0
11184,78,7,1,14,0,0,0,0
11185,79,7,2,14,0,0,0,0
11186,80,7,3,14,0,0,0,0
11187,81,7,4,14,0,0,0,0
11188,82,7,5,14,0,0,0,0
11189,83,7,6,14,0,0,0,0
11190,84,7,7,14,0,0,0,0
11191,85,7,8,14,0,0,0,0
11192,86,7,9,14,0,0,0,0
11193,87,7,10,14,0,0,0,0
11194,88,8,0,14,0,0,0,0
11195,89,8,1,14,0,0,0,0
11196,90,8,2,14,0,0,0,0
11197,91,8,3,14,0,0,0,0
11198,92,8,4,14,0,0,0,0
11199,93,8,5,14,0,0,0,0
11200,94,8,6,14,0,0,0,0
11201,95,8,7,14,0,0,0,0
11202,96,8,8,14,0,0,0,0
11203,97,8,9,14,0,0,0,0
11204,98,8,10,14,0,0,0,0
11205,99,9,0,14,0,0,0,0
11206,100,9,1,14,0,0,0,0
11207,101,9,2,14,0,0,0,0
11208,102,9,3,14,0,0,0,0
11209,103,9,4,14,0,0,0,0
11210,104,9,5,14,0,0,0,0
11211,105,9,6,14,0,0,0,0
11212,106,9,7,14,0,0,0,0
11213,107,9,8,14,0,0,0,0
11214,108,9,9,14,0,0,0,0
11215,109,9,10,14,0,0,0,0
11216,110,10,0,14,0,0,0,0
11217,111,10,1,14,0,0,0,0
11218,112,10,2,14,0,0,0,0
11219,113,10,3,14,0,0,0,0
11220,114,10,4,14,0,0,0,0
11221,115,10,5,14,0,0,0,0
11222,116,10,6,14,0,0,0,0
11223,117,10,7,14,0,0,0,0
11224,118,10,8,14,0,0,0,0
11225,119,10,9,14,0,0,0,0
11226,120,10,10,14,0,1,0,0
11227,0,0,0,15,0,0,0,0
11228,1,0,1,15,0,0,0,0
11229,2,0,2,15,0,0,0,0
11230,3,0,3,15,0,0,0,0
11231,4,0,4,15,0,0,0,0
11232,5,0,5,15,0,0,0,0
11233,6,0,6,15,0,0,0,0
11234,7,0,7,15,0,0,0,0
11235,8,0,8,15,0,0,0,0
11236,9,0,9,15,0,0,0,0
11237,10,0,10,15,0,0,0,0
11238,11,1,0,15,0,0,0,0
11239,12,1,1,15,0,0,0,0
11240,13,1,2,15,0,0,0,0
11241,14,1,3,15,0,0,0,0
11242,15,1,4,15,0,0,0,0
11243,16,1,5,15,0,0,0,0
11244,17,1,6,15,81,0,81,0
11245,18,1,7,15,1148,0,1148,0
11246,19,1,8,15,89,0,89,0
11247,20,1,9,15,0,0,0,0
11248,21,1,10,15,0,0,0,0
11249,22,2,0,15,0,0,0,0
11250,23,2,1,15,0,0,0,0
11251,24,2,2,15,0,0,0,0
11252,25,2,3,15,0,0,0,0
11253,26,2,4,15,0,0,0,0
11254,27,2,5,15,565,0,565,0
11255,28,2,6,15,2228,0,2228,0
11256,29,2,7,15,1897,0,1897,0
11257,30,2,8,15,9,0,9,0
11258,31,2,9,15,0,0,0,0
11259,32,2,10,15,0,0,0,0
11260,33,3,0,15,0,0,0,0
11261,34,3,1,15,0,0,0,0
11262,35,3,2,15,0,0,0,0
11263,36,3,3,15,0,0,0,0
11264,37,3,4,15,0,0,0,0
11265,38,3,5,15,2389,0,2389,0
11266,39,3,6,15,2089,0,2089,0
11267,40,3,7,15,557,0,557,0
11268,41,3,8,15,0,0,0,0
11269,42,3,9,15,0,0,0,0
11270,43,3,10,15,0,0,0,0
11271,44,4,0,15,0,0,0,0
11272,45,4,1,15,0,0,0,0
11273,46,4,2,15,0,0,0,0
11274,47,4,3,15,0,0,0,0
11275,48,4,4,15,1164,0,1164,0
11276,49,4,5,15,246,0,246,0
11277,50,4,6,15,0,0,0,0
11278,51,4,7,15,0,0,0,0
11279,52,4,8,15,0,0,0,0
11280,53,4,9,15,0,0,0,0
11281,54,4,10,15,0,0,0,0
11282,55,5,0,15,0,0,0,0
11283,56,5,1,15,0,0,0,0
11284,57,5,2,15,0,0,0,0
11285,58,5,3,15,928,0,928,0
11286,59,5,4,15,219,0,219,0
11287,60,5,5,15,0,0,0,0
11288,61,5,6,15,0,0,0,0
11289,62,5,7,15,0,0,0,0
11290,63,5,8,15,0,0,0,0
11291,64,5,9,15,0,0,0,0
11292,65,5,10,15,0,0,0,0
11293,66,6,0,15,0,0,0,0
11294,67,6,1,15,0,0,0,0
11295,68,6,2,15,0,0,0,0
11296,69,6,3,15,1043,0,1043,0
11297,70,6,4,15,0,0,0,0
11298,71,6,5,15,0,0,0,0
11299,72,6,6,15,0,0,0,0
11300,73,6,7,15,0,0,0,0
11301,74,6,8,15,144,0,144,0
11302,75,6,9,15,0,0,0,0
11303,76,6,10,15,0,0,0,0
11304,77,7,0,15,0,0,0,0
11305,78,7,1,15,0,0,0,0
11306,79,7,2,15,0,0,0,0
11307,80,7,3,15,0,0,0,0
11308,81,7,4,15,0,0,0,0
11309,82,7,5,15,0,0,0,0
11310,83,7,6,15,582,0,582,0
11311,84,7,7,15,1160,0,1160,0
11312,85,7,8,15,1628,0,1628,0
11313,86,7,9,15,800,0,800,0
11314,87,7,10,15,0,0,0,0
11315,88,8,0,15,0,0,0,0
11316,89,8,1,15,0,0,0,0
11317,90,8,2,15,0,0,0,0
11318,91,8,3,15,0,0,0,0
11319,92,8,4,15,0,0,0,0
11320,93,8,5,15,272,0,272,0
11321,94,8,6,15,1404,0,1404,0
11322,95,8,7,15,2092,0,2092,0
11323,96,8,8,15,1981,0,1981,0
11324,97,8,9,15,431,0,431,0
11325,98,8,10,15,0,0,0,0
11326,99,9,0,15,0,0,0,0
11327,100,9,1,15,0,0,0,0
11328,101,9,2,15,0,0,0,0
11329,102,9,3,15,0,0,0,0
11330,103,9,4,15,0,0,0,0
11331,104,9,5,15,1121,0,1121,0
11332,105,9,6,15,2098,0,2098,0
11333,106,9,7,15,2071,0,2071,0
11334,107,9,8,15,803,0,803,0
11335,108,9,9,15,0,0,0,0
11336,109,9,10,15,0,0,0,0
11337,110,10,0,15,0,0,0,0
11338,111,10,1,15,0,0,0,0
11339,112,10,2,15,0,0,0,0
11340,113,10,3,15,344,0,344,0
11341,114,10,4,15,898,0,898,0
11342,115,10,5,15,1745,0,1745,0
11343,116,10,6,15,1711,0,1711,0
11344,117,10,7,15,646,0,646,0
11345,118,10,8,15,0,0,0,0
11346,119,10,9,15,0,0,0,0
11347,120,10,10,15,0,1,0,0
